<?xml version="1.0" encoding="UTF-8"?>
<metadata xml:lang="fr"><Esri><CreaDate>20170309</CreaDate><CreaTime>09514800</CreaTime><ArcGISFormat>1.0</ArcGISFormat><SyncOnce>TRUE</SyncOnce><DataProperties><lineage><Process ToolSource="c:\program files (x86)\arcgis\desktop10.4\ArcToolbox\Toolboxes\Data Management Tools.tbx\CalculateField" Date="20170119" Time="112441">CalculateField "a sélection" EPCI ""Communauté d'Agglomération Saumur Val de Loire"" VB #</Process><Process ToolSource="c:\program files (x86)\arcgis\desktop10.4\ArcToolbox\Toolboxes\Data Management Tools.tbx\CalculateField" Date="20170119" Time="112940">CalculateField "a sélection" EPCI "Communauté de communes Estuaire et Sillon" VB #</Process><Process ToolSource="c:\program files (x86)\arcgis\desktop10.4\ArcToolbox\Toolboxes\Data Management Tools.tbx\CalculateField" Date="20170119" Time="113127">CalculateField "a sélection 2" EPCI "CC du Bassin Ludois - CC Aune et Loir - CC du Canton de Pontvallain" VB #</Process><Process ToolSource="c:\program files (x86)\arcgis\desktop10.4\ArcToolbox\Toolboxes\Data Management Tools.tbx\CalculateField" Date="20170119" Time="113315">CalculateField "a sélection" EPCI "Les Sables d’Olonnes Agglomération" VB #</Process><Process ToolSource="c:\program files (x86)\arcgis\desktop10.4\ArcToolbox\Toolboxes\Data Management Tools.tbx\CalculateField" Date="20170119" Time="113438">CalculateField "a sélection" EPCI "CC du Pays de Sillé - CC de la Champagne Conlinoise" VB #</Process><Process ToolSource="c:\program files (x86)\arcgis\desktop10.4\ArcToolbox\Toolboxes\Data Management Tools.tbx\CalculateField" Date="20170119" Time="113549">CalculateField "a sélection" EPCI "Communauté de communes Sud Retz Atlantique" VB #</Process><Process ToolSource="c:\program files (x86)\arcgis\desktop10.4\ArcToolbox\Toolboxes\Data Management Tools.tbx\CalculateField" Date="20170119" Time="113701">CalculateField "a sélection" EPCI "Communauté de communes du Pays de Craon" VB #</Process><Process ToolSource="c:\program files (x86)\arcgis\desktop10.4\ArcToolbox\Toolboxes\Data Management Tools.tbx\CalculateField" Date="20170119" Time="113828">CalculateField "a sélection" EPCI "Communauté de communes du Sud Retz Atlantique" VB #</Process><Process ToolSource="c:\program files (x86)\arcgis\desktop10.4\ArcToolbox\Toolboxes\Data Management Tools.tbx\CalculateField" Date="20170119" Time="113848">CalculateField "a sélection" EPCI "Communauté de communes Sud Retz Atlantique" VB #</Process><Process ToolSource="c:\program files (x86)\arcgis\desktop10.4\ArcToolbox\Toolboxes\Data Management Tools.tbx\CalculateField" Date="20170119" Time="113959">CalculateField "a sélection" EPCI "Communauté de communes Vallée du Haut Anjou" VB #</Process><Process ToolSource="c:\program files (x86)\arcgis\desktop10.4\ArcToolbox\Toolboxes\Data Management Tools.tbx\CalculateField" Date="20170119" Time="114108">CalculateField "a sélection" EPCI "Clisson Sèvre et Maine Agglo" VB #</Process><Process ToolSource="c:\program files (x86)\arcgis\desktop10.4\ArcToolbox\Toolboxes\Data Management Tools.tbx\CalculateField" Date="20170119" Time="114318">CalculateField "a sélection" EPCI "Communauté de communes de Loir et Bercé - CC du Val du Loir - CC de Lucé" VB #</Process><Process ToolSource="c:\program files (x86)\arcgis\desktop10.4\ArcToolbox\Toolboxes\Data Management Tools.tbx\CalculateField" Date="20170119" Time="114424">CalculateField "a sélection" EPCI ""Communauté d'agglomération Saumur Val de Loire"" VB #</Process><Process ToolSource="c:\program files (x86)\arcgis\desktop10.4\ArcToolbox\Toolboxes\Data Management Tools.tbx\CalculateField" Date="20170119" Time="114521">CalculateField "a sélection" EPCI ""Communauté d'Agglomération Saumur Val de Loire"" VB #</Process><Process ToolSource="c:\program files (x86)\arcgis\desktop10.4\ArcToolbox\Toolboxes\Data Management Tools.tbx\CalculateField" Date="20170119" Time="115314">CalculateField "a sélection" EPCI "Communauté de communes de Loir et Bercé - CC du Val du Loir - CC de Lucé" VB #</Process><Process ToolSource="c:\program files (x86)\arcgis\desktop10.4\ArcToolbox\Toolboxes\Data Management Tools.tbx\CalculateField" Date="20170119" Time="115442">CalculateField "a sélection" EPCI "Communauté de communes du Pays de Craon" VB #</Process><Process ToolSource="c:\program files (x86)\arcgis\desktop10.4\ArcToolbox\Toolboxes\Data Management Tools.tbx\CalculateField" Date="20170119" Time="115544">CalculateField "a sélection" EPCI "Communauté de communes des Alpes Mancelles - CC du Pays Belmontais - CC des Portes du Maine Normand" VB #</Process><Process ToolSource="c:\program files (x86)\arcgis\desktop10.4\ArcToolbox\Toolboxes\Data Management Tools.tbx\CalculateField" Date="20170119" Time="115716">CalculateField "a sélection" EPCI "Communauté de communes Loire Layon Aubance" VB #</Process><Process ToolSource="c:\program files (x86)\arcgis\desktop10.4\ArcToolbox\Toolboxes\Data Management Tools.tbx\CalculateField" Date="20170119" Time="115810">CalculateField "a sélection" EPCI "Communauté de communes Sud Vendée Littoral" VB #</Process><Process ToolSource="c:\program files (x86)\arcgis\desktop10.4\ArcToolbox\Toolboxes\Data Management Tools.tbx\CalculateField" Date="20170119" Time="115900">CalculateField "a sélection" EPCI "Les Sables d’Olonnes Agglomération" VB #</Process><Process ToolSource="c:\program files (x86)\arcgis\desktop10.4\ArcToolbox\Toolboxes\Data Management Tools.tbx\CalculateField" Date="20170119" Time="120009">CalculateField "a sélection" EPCI "Communauté de communes des Portes du Maine - CC des Rives de Sarthe" VB #</Process><Process ToolSource="c:\program files (x86)\arcgis\desktop10.4\ArcToolbox\Toolboxes\Data Management Tools.tbx\CalculateField" Date="20170119" Time="120136">CalculateField "a sélection" EPCI "Communauté de communes des Alpes Mancelles - CC du Pays Belmontais - CC des Portes du Maine Normand" VB #</Process><Process ToolSource="c:\program files (x86)\arcgis\desktop10.4\ArcToolbox\Toolboxes\Data Management Tools.tbx\CalculateField" Date="20170119" Time="120543">CalculateField "a sélection" EPCI "Communauté de communes des Portes du Maine" VB #</Process><Process ToolSource="c:\program files (x86)\arcgis\desktop10.4\ArcToolbox\Toolboxes\Data Management Tools.tbx\CalculateField" Date="20170119" Time="120631">CalculateField "a sélection" EPCI "Communauté de communes des Portes du Maine - CC des Rives de Sarthe" VB #</Process><Process ToolSource="c:\program files (x86)\arcgis\desktop10.4\ArcToolbox\Toolboxes\Data Management Tools.tbx\CalculateField" Date="20170119" Time="120755">CalculateField "a sélection" EPCI "Communauté de communes du Bassin Ludois - CC Aune et Loir - CC du Canton de Pontvallain" VB #</Process><Process ToolSource="c:\program files (x86)\arcgis\desktop10.4\ArcToolbox\Toolboxes\Data Management Tools.tbx\CalculateField" Date="20170119" Time="120906">CalculateField "a sélection" EPCI "Communauté Urbaine le Mans Métropole" VB #</Process><Process ToolSource="c:\program files (x86)\arcgis\desktop10.4\ArcToolbox\Toolboxes\Data Management Tools.tbx\CalculateField" Date="20170119" Time="121006">CalculateField "a sélection" EPCI "Communauté de communes du Pays de Mortagne" VB #</Process><Process ToolSource="c:\program files (x86)\arcgis\desktop10.4\ArcToolbox\Toolboxes\Data Management Tools.tbx\CalculateField" Date="20170119" Time="121055">CalculateField "a sélection" EPCI "Communauté de communes du Bassin Ludois - CC Aune et Loir - CC du Canton de Pontvallain" VB #</Process><Process ToolSource="c:\program files (x86)\arcgis\desktop10.4\ArcToolbox\Toolboxes\Data Management Tools.tbx\CalculateField" Date="20170119" Time="121147">CalculateField "a sélection" EPCI "Communauté de communes Montaigu-Rocheservière" VB #</Process><Process ToolSource="c:\program files (x86)\arcgis\desktop10.4\ArcToolbox\Toolboxes\Data Management Tools.tbx\CalculateField" Date="20170119" Time="121315">CalculateField "a sélection" EPCI "Communauté de communes du Pays de Saint-Fulgent – Les Essarts" VB #</Process><Process ToolSource="c:\program files (x86)\arcgis\desktop10.4\ArcToolbox\Toolboxes\Data Management Tools.tbx\CalculateField" Date="20170119" Time="121406">CalculateField "a sélection" EPCI "Communauté de communes Châteaubriant-Derval" VB #</Process><Process ToolSource="c:\program files (x86)\arcgis\desktop10.4\ArcToolbox\Toolboxes\Data Management Tools.tbx\CalculateField" Date="20170119" Time="121500">CalculateField "a sélection" EPCI ""Communauté d'Agglomération Saumur Val de Loire"" VB #</Process><Process ToolSource="c:\program files (x86)\arcgis\desktop10.4\ArcToolbox\Toolboxes\Data Management Tools.tbx\CalculateField" Date="20170119" Time="121600">CalculateField "a sélection" EPCI "Communauté de communes de la Vallée du Haut Anjou" VB #</Process><Process ToolSource="c:\program files (x86)\arcgis\desktop10.4\ArcToolbox\Toolboxes\Data Management Tools.tbx\CalculateField" Date="20170119" Time="121721">CalculateField "a sélection" EPCI "Communauté de communes Anjou Loir et Sarthe" VB #</Process><Process ToolSource="c:\program files (x86)\arcgis\desktop10.4\ArcToolbox\Toolboxes\Data Management Tools.tbx\CalculateField" Date="20170119" Time="121832">CalculateField "a sélection" EPCI "Communauté de communes des Alpes Mancelles - CC du Pays Belmontais - CC des Portes du Maine Normand" VB #</Process><Process ToolSource="c:\program files (x86)\arcgis\desktop10.4\ArcToolbox\Toolboxes\Data Management Tools.tbx\CalculateField" Date="20170119" Time="121919">CalculateField "a sélection" EPCI "Communauté de communes du Pays des Brières et du Gesnois - CC du Pays Bilurien" VB #</Process><Process ToolSource="c:\program files (x86)\arcgis\desktop10.4\ArcToolbox\Toolboxes\Data Management Tools.tbx\CalculateField" Date="20170119" Time="122054">CalculateField "a sélection" EPCI "Communauté de communes du Pays Calaisien - CC du Val de Braye" VB #</Process><Process ToolSource="c:\program files (x86)\arcgis\desktop10.4\ArcToolbox\Toolboxes\Data Management Tools.tbx\CalculateField" Date="20170119" Time="122150">CalculateField "a sélection" EPCI "Challans Gois Communauté" VB #</Process><Process ToolSource="c:\program files (x86)\arcgis\desktop10.4\ArcToolbox\Toolboxes\Data Management Tools.tbx\CalculateField" Date="20170119" Time="122326">CalculateField "a sélection" EPCI "Communauté de communes du Pays de Fontenay Vendée" VB #</Process><Process ToolSource="c:\program files (x86)\arcgis\desktop10.4\ArcToolbox\Toolboxes\Data Management Tools.tbx\CalculateField" Date="20170119" Time="122428">CalculateField "a sélection" EPCI "Communauté de communes du Pays de Fontenay Vendée" VB #</Process><Process ToolSource="c:\program files (x86)\arcgis\desktop10.4\ArcToolbox\Toolboxes\Data Management Tools.tbx\CalculateField" Date="20170119" Time="122609">CalculateField "a sélection" EPCI "Communauté de communes Vie et Boulogne" VB #</Process><Process ToolSource="c:\program files (x86)\arcgis\desktop10.4\ArcToolbox\Toolboxes\Data Management Tools.tbx\CalculateField" Date="20170119" Time="122745">CalculateField "a sélection" EPCI "Communauté de communes du Sud Vendée Littoral" VB #</Process><Process ToolSource="c:\program files (x86)\arcgis\desktop10.4\ArcToolbox\Toolboxes\Data Management Tools.tbx\CalculateField" Date="20170119" Time="122834">CalculateField "a sélection" EPCI "Communauté de communes du Pays de Sillé - CC de la Champagne Conlinoise" VB #</Process><Process ToolSource="c:\program files (x86)\arcgis\desktop10.4\ArcToolbox\Toolboxes\Data Management Tools.tbx\CalculateField" Date="20170119" Time="122959">CalculateField "a sélection" EPCI ""Les Sables d'Olonnes Agglomération"" VB #</Process><Process ToolSource="c:\program files (x86)\arcgis\desktop10.4\ArcToolbox\Toolboxes\Data Management Tools.tbx\CalculateField" Date="20170119" Time="123222">CalculateField "a sélection" EPCI "Les Sables d’Olonnes Agglomération" VB #</Process><Process ToolSource="c:\program files (x86)\arcgis\desktop10.4\ArcToolbox\Toolboxes\Data Management Tools.tbx\CalculateField" Date="20170119" Time="135058">CalculateField "a sélection" EPCI "Communauté de communes du Pays des Brières et du Gesnois - CC du Pays Bilurien" VB #</Process><Process ToolSource="c:\program files (x86)\arcgis\desktop10.4\ArcToolbox\Toolboxes\Data Management Tools.tbx\CalculateField" Date="20170119" Time="135158">CalculateField "a sélection" EPCI "Communauté de communes du Pays de Saint-Fulgent – Les Essarts" VB #</Process><Process ToolSource="c:\program files (x86)\arcgis\desktop10.4\ArcToolbox\Toolboxes\Data Management Tools.tbx\CalculateField" Date="20170119" Time="135302">CalculateField "a sélection" EPCI "Communauté de communes du Pays de Craon" VB #</Process><Process ToolSource="c:\program files (x86)\arcgis\desktop10.4\ArcToolbox\Toolboxes\Data Management Tools.tbx\CalculateField" Date="20170119" Time="135401">CalculateField "a sélection" EPCI "Communauté de communes de Challans Gois Communauté" VB #</Process><Process ToolSource="c:\program files (x86)\arcgis\desktop10.4\ArcToolbox\Toolboxes\Data Management Tools.tbx\CalculateField" Date="20170119" Time="135507">CalculateField "a sélection" EPCI "Communauté de communes du Sud Vendée Littoral" VB #</Process><Process ToolSource="c:\program files (x86)\arcgis\desktop10.4\ArcToolbox\Toolboxes\Data Management Tools.tbx\CalculateField" Date="20170119" Time="135612">CalculateField "a sélection" EPCI "Communauté de communes du Pays Marollais - CC du Saosnois - CC Maine 301" VB #</Process><Process ToolSource="c:\program files (x86)\arcgis\desktop10.4\ArcToolbox\Toolboxes\Data Management Tools.tbx\CalculateField" Date="20170119" Time="135713">CalculateField "a sélection" EPCI "Communauté de communes Montierrois Talmondais" VB #</Process><Process ToolSource="c:\program files (x86)\arcgis\desktop10.4\ArcToolbox\Toolboxes\Data Management Tools.tbx\CalculateField" Date="20170119" Time="135809">CalculateField "a sélection" EPCI "Communauté de communes du Sud Vendée Littoral" VB #</Process><Process ToolSource="c:\program files (x86)\arcgis\desktop10.4\ArcToolbox\Toolboxes\Data Management Tools.tbx\CalculateField" Date="20170119" Time="144532">CalculateField "a sélection" EPCI "Communauté de communes des Alpes Mancelles - CC du Pays Belmontais - CC des Portes du Maine Normand" VB #</Process><Process ToolSource="c:\program files (x86)\arcgis\desktop10.4\ArcToolbox\Toolboxes\Data Management Tools.tbx\CalculateField" Date="20170119" Time="144632">CalculateField "a sélection" EPCI "Communauté de communes de Châteaubriant-Derval" VB #</Process><Process ToolSource="c:\program files (x86)\arcgis\desktop10.4\ArcToolbox\Toolboxes\Data Management Tools.tbx\CalculateField" Date="20170119" Time="144808">CalculateField "a sélection" EPCI "Communauté de communes du Montierrois Talmondais" VB #</Process><Process ToolSource="c:\program files (x86)\arcgis\desktop10.4\ArcToolbox\Toolboxes\Data Management Tools.tbx\CalculateField" Date="20170119" Time="144935">CalculateField "a sélection" EPCI ""Communauté de communes du Pays de l'huisne Sarthoise"" VB #</Process><Process ToolSource="c:\program files (x86)\arcgis\desktop10.4\ArcToolbox\Toolboxes\Data Management Tools.tbx\CalculateField" Date="20170119" Time="145033">CalculateField "a sélection" EPCI ""Communauté de communes du Pays de l'huisne Sarthoise"" VB #</Process><Process ToolSource="c:\program files (x86)\arcgis\desktop10.4\ArcToolbox\Toolboxes\Data Management Tools.tbx\CalculateField" Date="20170119" Time="145129">CalculateField "a sélection" EPCI "Communauté de communes de Loir et Bercé - CC du Val du Loir - CC de Lucé" VB #</Process><Process ToolSource="c:\program files (x86)\arcgis\desktop10.4\ArcToolbox\Toolboxes\Data Management Tools.tbx\CalculateField" Date="20170119" Time="145313">CalculateField "a sélection" EPCI "Communauté de communes Anjou Loir et Sarthe" VB #</Process><Process ToolSource="c:\program files (x86)\arcgis\desktop10.4\ArcToolbox\Toolboxes\Data Management Tools.tbx\CalculateField" Date="20170119" Time="145435">CalculateField "a sélection" EPCI "Communauté de communes Anjou Loir et Sarthe" VB #</Process><Process ToolSource="c:\program files (x86)\arcgis\desktop10.4\ArcToolbox\Toolboxes\Data Management Tools.tbx\CalculateField" Date="20170119" Time="145537">CalculateField "a sélection" EPCI "Communauté de communes Loire Layon Aubance" VB #</Process><Process ToolSource="c:\program files (x86)\arcgis\desktop10.4\ArcToolbox\Toolboxes\Data Management Tools.tbx\CalculateField" Date="20170119" Time="145648">CalculateField "a sélection" EPCI "Communauté de communes Loire Layon Aubance" VB #</Process><Process ToolSource="c:\program files (x86)\arcgis\desktop10.4\ArcToolbox\Toolboxes\Data Management Tools.tbx\CalculateField" Date="20170119" Time="152039">CalculateField "a sélection" EPCI "Communauté de communes Estuaire et Sillon" VB #</Process><Process ToolSource="c:\program files (x86)\arcgis\desktop10.4\ArcToolbox\Toolboxes\Data Management Tools.tbx\CalculateField" Date="20170119" Time="152142">CalculateField "a sélection" EPCI "Communauté de communes du Pays Marollais - CC du Saosnois - CC Maine 301" VB #</Process><Process ToolSource="c:\program files (x86)\arcgis\desktop10.4\ArcToolbox\Toolboxes\Data Management Tools.tbx\CalculateField" Date="20170119" Time="152255">CalculateField "a sélection" EPCI "Communauté de communes de la Vallée du Haut Anjou" VB #</Process><Process ToolSource="c:\program files (x86)\arcgis\desktop10.4\ArcToolbox\Toolboxes\Data Management Tools.tbx\CalculateField" Date="20170119" Time="152352">CalculateField "a sélection" EPCI "Clisson Sèvre et Maine Agglo" VB #</Process><Process ToolSource="c:\program files (x86)\arcgis\desktop10.4\ArcToolbox\Toolboxes\Data Management Tools.tbx\CalculateField" Date="20170119" Time="152456">CalculateField "a sélection" EPCI "Communauté de communes Montaigu-Rocheservière" VB #</Process><Process ToolSource="c:\program files (x86)\arcgis\desktop10.4\ArcToolbox\Toolboxes\Data Management Tools.tbx\CalculateField" Date="20170119" Time="152902">CalculateField "a sélection" EPCI "Communauté Urbaine Le Mans Métropole" VB #</Process><Process ToolSource="c:\program files (x86)\arcgis\desktop10.4\ArcToolbox\Toolboxes\Data Management Tools.tbx\CalculateField" Date="20170119" Time="153624">CalculateField "a sélection" EPCI ""Communauté Urbaine d'Alençon"" VB #</Process><Process ToolSource="c:\program files (x86)\arcgis\desktop10.4\ArcToolbox\Toolboxes\Data Management Tools.tbx\CalculateField" Date="20170119" Time="154022">CalculateField "a sélection" EPCI "Communauté de communes du Pays Marollais - CC du Saosnois - CC Maine 301" VB #</Process><Process ToolSource="c:\program files (x86)\arcgis\desktop10.4\ArcToolbox\Toolboxes\Data Management Tools.tbx\CalculateField" Date="20170119" Time="154318">CalculateField "a sélection" EPCI "Communauté de communes du Pays Marollais - CC du Saosnois - CC Maine 301" VB #</Process><Process ToolSource="c:\program files (x86)\arcgis\desktop10.4\ArcToolbox\Toolboxes\Data Management Tools.tbx\CalculateField" Date="20170119" Time="154533">CalculateField "a sélection" EPCI ""Communauté de communes du Pays de l'Huisne Sarthoise"" VB #</Process><Process ToolSource="c:\program files (x86)\arcgis\desktop10.4\ArcToolbox\Toolboxes\Data Management Tools.tbx\CalculateField" Date="20170119" Time="154655">CalculateField "a sélection" EPCI "Communauté de communes du Pays Calaisien - CC du Val de Braye" VB #</Process><Process ToolSource="c:\program files (x86)\arcgis\desktop10.4\ArcToolbox\Toolboxes\Data Management Tools.tbx\CalculateField" Date="20170119" Time="154831">CalculateField "a sélection" EPCI "Communauté de communes du Pays de Sillé - CC de la Champagne Conlinoise" VB #</Process><Process ToolSource="c:\program files (x86)\arcgis\desktop10.4\ArcToolbox\Toolboxes\Data Management Tools.tbx\CalculateField" Date="20170119" Time="155413">CalculateField "a sélection" EPCI "Communauté de communes du Bassin Ludois - CC Aune et Loir - CC du Canton de Pontvallain" VB #</Process><Process ToolSource="c:\program files (x86)\arcgis\desktop10.4\ArcToolbox\Toolboxes\Data Management Tools.tbx\CalculateField" Date="20170119" Time="160345">CalculateField "a sélection" EPCI "Communauté de communes Anjou Loir et Sarthe" VB #</Process><Process ToolSource="c:\program files (x86)\arcgis\desktop10.4\ArcToolbox\Toolboxes\Data Management Tools.tbx\CalculateField" Date="20170119" Time="160448">CalculateField "a sélection" EPCI "Communauté de communes Loire Layon Aubance" VB #</Process><Process ToolSource="c:\program files (x86)\arcgis\desktop10.4\ArcToolbox\Toolboxes\Data Management Tools.tbx\CalculateField" Date="20170119" Time="160559">CalculateField a EPCI "Communauté de communes de Châteaubriant-Derval" VB #</Process><Process ToolSource="c:\program files (x86)\arcgis\desktop10.4\ArcToolbox\Toolboxes\Data Management Tools.tbx\CalculateField" Date="20170119" Time="160816">CalculateField a EPCI "Communauté de communes de la Vallée du Haut Anjou" VB #</Process><Process ToolSource="c:\program files (x86)\arcgis\desktop10.4\ArcToolbox\Toolboxes\Data Management Tools.tbx\CalculateField" Date="20170119" Time="160922">CalculateField a EPCI ""Communauté d'Agglomération Saumur Val de Loire"" VB #</Process><Process ToolSource="c:\program files (x86)\arcgis\desktop10.4\ArcToolbox\Toolboxes\Data Management Tools.tbx\CalculateField" Date="20170119" Time="161133">CalculateField a EPCI "Communauté de communes du Sud Vendée Littoral" VB #</Process><Process ToolSource="c:\program files (x86)\arcgis\desktop10.4\ArcToolbox\Toolboxes\Data Management Tools.tbx\CalculateField" Date="20170119" Time="161224">CalculateField a EPCI "Communauté de communes du Pays de Chantonnay" VB #</Process><Process ToolSource="c:\program files (x86)\arcgis\desktop10.4\ArcToolbox\Toolboxes\Data Management Tools.tbx\CalculateField" Date="20170119" Time="161334">CalculateField a EPCI "Communauté de communes de Vie et Boulogne" VB #</Process><Process ToolSource="c:\program files (x86)\arcgis\desktop10.4\ArcToolbox\Toolboxes\Data Management Tools.tbx\CalculateField" Date="20170119" Time="161418">CalculateField a EPCI "Challans Gois Communauté" VB #</Process><Process ToolSource="c:\program files (x86)\arcgis\desktop10.4\ArcToolbox\Toolboxes\Data Management Tools.tbx\CalculateField" Date="20170119" Time="161541">CalculateField a EPCI "Challans Gois Communauté" VB #</Process><Process ToolSource="c:\program files (x86)\arcgis\desktop10.4\ArcToolbox\Toolboxes\Data Management Tools.tbx\CalculateField" Date="20170119" Time="161645">CalculateField a EPCI "Communauté de communes du Montierrois Talmondais" VB #</Process><Process ToolSource="c:\program files (x86)\arcgis\desktop10.4\ArcToolbox\Toolboxes\Data Management Tools.tbx\CalculateField" Date="20170125" Time="163935">CalculateField communes_2017 INSEE_ID [insee_comm] VB #</Process><Process ToolSource="c:\program files (x86)\arcgis\desktop10.4\ArcToolbox\Toolboxes\Data Management Tools.tbx\CalculateField" Date="20170223" Time="095711">CalculateField communes_2017 EPCI "Laval Agglomération" VB #</Process><Process ToolSource="c:\program files (x86)\arcgis\desktop10.4\ArcToolbox\Toolboxes\Data Management Tools.tbx\CalculateField" Date="20170223" Time="095904">CalculateField communes_2017 EPCI "Communauté de communes Beaugeois Vallée" VB #</Process><Process ToolSource="c:\program files (x86)\arcgis\desktop10.4\ArcToolbox\Toolboxes\Data Management Tools.tbx\CalculateField" Date="20170223" Time="100125">CalculateField communes_2017 EPCI "Communauté de communes Vallées du Haut-Anjou" VB #</Process><Process ToolSource="c:\program files (x86)\arcgis\desktop10.4\ArcToolbox\Toolboxes\Data Management Tools.tbx\CalculateField" Date="20170223" Time="100222">CalculateField communes_2017 EPCI "Communauté de communes Loir-Lucé-Bercé" VB #</Process><Process ToolSource="c:\program files (x86)\arcgis\desktop10.4\ArcToolbox\Toolboxes\Data Management Tools.tbx\CalculateField" Date="20170223" Time="100520">CalculateField communes_2017 EPCI "Communauté de communesHaute Sarthe Alpes Mancelles" VB #</Process><Process ToolSource="c:\program files (x86)\arcgis\desktop10.4\ArcToolbox\Toolboxes\Data Management Tools.tbx\CalculateField" Date="20170223" Time="100736">CalculateField communes_2017 EPCI "Communauté de communes Maine Coeur de Sarthe" VB #</Process><Process ToolSource="c:\program files (x86)\arcgis\desktop10.4\ArcToolbox\Toolboxes\Data Management Tools.tbx\CalculateField" Date="20170223" Time="100834">CalculateField communes_2017 EPCI "Communauté de communes Sud Sarthe" VB #</Process><Process ToolSource="c:\program files (x86)\arcgis\desktop10.4\ArcToolbox\Toolboxes\Data Management Tools.tbx\CalculateField" Date="20170223" Time="101034">CalculateField communes_2017 EPCI ""Communauté de communes des Vallées de la Braye et de l'Anille"" VB #</Process><Process ToolSource="c:\program files (x86)\arcgis\desktop10.4\ArcToolbox\Toolboxes\Data Management Tools.tbx\CalculateField" Date="20170223" Time="101358">CalculateField communes_2017 EPCI "Communauté de communes de la Champagne Conlinoise et du Pays de Sillé" VB #</Process><Process ToolSource="c:\program files (x86)\arcgis\desktop10.4\ArcToolbox\Toolboxes\Data Management Tools.tbx\CalculateField" Date="20170223" Time="101651">CalculateField communes_2017 EPCI "Communauté de communes Le Gesnois Bilurien" VB #</Process><Process ToolSource="c:\program files (x86)\arcgis\desktop10.4\ArcToolbox\Toolboxes\Data Management Tools.tbx\CalculateField" Date="20170223" Time="101808">CalculateField communes_2017 EPCI "Communauté de communes Maine Saosnois" VB #</Process><Process ToolSource="c:\program files (x86)\arcgis\desktop10.4\ArcToolbox\Toolboxes\Data Management Tools.tbx\CalculateField" Date="20170223" Time="102007">CalculateField communes_2017 EPCI "Communauté de communes Océan Marais de Monts" VB #</Process><Process ToolSource="c:\program files (x86)\arcgis\desktop10.4\ArcToolbox\Toolboxes\Data Management Tools.tbx\CalculateField" Date="20170223" Time="102107">CalculateField communes_2017 EPCI "Communauté de communes Vendée Sèvre Autise" VB #</Process><Process ToolSource="c:\program files (x86)\arcgis\desktop10.4\ArcToolbox\Toolboxes\Data Management Tools.tbx\CalculateField" Date="20170223" Time="104137">CalculateField communes_2017 EPCI "Communauté de communes Pays des Achards" VB #</Process></lineage></DataProperties></Esri></metadata>
